"","PC1","PC2","PC3","PC4","PC5","PC6","PC7","PC8","PC9","PC10","PC11","PC12","PC13","PC14","PC15","PC16","PC17","PC18","PC19","PC20","PC21","PC22","PC23","PC24","PC25","PC26","PC27","PC28","PC29","PC30","PC31","PC32","PC33","PC34","PC35","PC36","PC37","PC38","PC39","PC40","PC41","PC42","PC43","PC44","PC45","PC46"
"B4053_RML_1wk_Brain_20070102_40996_LH.CEL",-32.5819290511535,2.81673700876109,22.9110635238293,-14.1631430443846,-8.97993703539103,-6.96158866191852,7.10952771953289,-3.21563860374514,20.8452908296426,-6.84654523096861,5.52427052419189,-13.6423704347932,12.7199352655392,-12.7174451728248,17.2756318870779,-11.8904921919459,-8.83514016808382,11.3038190837163,7.35393316204132,4.23715093044197,0.970091309038632,5.45144401700126,-9.41888245485199,-2.13594318928271,4.42196942457578,1.45967232407644,4.37938477242788,2.64392582621578,7.28765096265186,0.792555866171027,-10.4799840454534,-0.563140172399143,-7.7279819216087,-7.77626728638937,-2.45700593935457,-1.26685847422613,-7.28808589411439,17.6976606374604,0.835988234815896,7.78105278005424,-2.39158308747258,-9.07367090486616,-0.31325272215688,22.7529580448706,-8.26919229152595,-2.40861150468952e-13
"B4053_RML_1wk_Brain_20070102_40996_RH.CEL",-80.8212784259773,17.2271069535775,-68.8838932389227,16.9177974268967,-45.4367162034731,-13.5117479733454,-21.0129222722652,5.22767548742107,-11.967700834706,15.2080534071215,18.0791544228398,-6.33471023704245,1.13017513764916,-17.02411702469,12.5458716048577,13.0171952248664,7.82452564573228,10.5386337612638,-10.0600647451167,-6.2735898743727,4.09170061378338,-2.37149132764675,-5.05598882048748,-3.63548842261634,7.93678084571588,-7.40259191088354,6.27481306344373,19.4320096151337,-4.42431450199457,-8.48565925532917,11.2447234419938,-6.03293184215658,0.673643293262328,0.147586930952525,1.20288421669691,-2.58159737324241,-7.66214555028797,-4.20836163146102,5.67880117597729,1.67434135487982,6.91686918265523,-5.00552626651622,-1.19273249499668,-2.86745488594733,1.70772186405148,-1.1978612546315e-13
"B4053_RML_2wks_Brain_20070102_40988_LH.CEL",-24.8470518227981,14.0943099557921,48.0508868965764,-30.1260466152703,-11.2838594074472,9.8818483327216,11.2086093829659,-11.5311651540589,14.254891067914,-21.0955398960106,4.62950917294391,-16.5158416486357,-10.7405619632579,-1.00457527152872,-10.2027147895698,-6.7093856778382,6.68451332773518,3.09072584732634,-1.23948440808397,-0.377029605463789,1.6695881592017,-13.0159485426592,-11.3443090607963,-2.31357888837489,16.009552056543,-5.47016536000004,3.86916784340285,-2.13642503028596,-0.985029101535551,-1.73950130596096,-0.181475533620537,-9.98739061754935,-1.33853102663751,6.03413376572335,-9.70817061390595,-2.1470244072132,-0.171174695626936,-1.94951610653854,3.71644707878157,-8.8356043383114,16.7673582326738,12.150716674104,17.8750170705946,-5.96330688830906,-2.59694008718308,-2.41861218552852e-13
"B4053_RML_2wks_Brain_20070102_40988_RH.CEL",-48.8924772125571,5.533677313113,4.28045620337902,14.9269730153058,-50.181930152634,-1.44313304001341,-11.3599965793042,4.71414927417677,-0.847900627615639,-21.7627501280703,0.0422580925498999,-13.8300784990403,-20.3771674071968,2.77016036044075,-7.20127449655347,2.31102870508153,9.98518165182843,-18.4934378479429,-9.35129278165374,15.9899598911341,-2.43944355849018,-13.0555978055073,-2.55983294217455,-2.59803667479172,-5.76975240986415,0.081478032680364,3.30453958350781,-1.65627482206005,-0.768887993038216,-6.73275183235449,-14.0002453784011,7.71972753898042,-11.1553551124643,11.3360033921012,5.46972127970454,5.48422813009083,8.47557724211558,7.65131438797461,2.76510691872119,4.01713225322347,-9.40701553020552,-3.58008317851871,-9.55646487106959,1.03401622442145,6.58211914760391,-2.31730433453148e-13
"B4053_RML_3wks_Brain_20070102_40992_LH.CEL",-26.0555605332964,21.6430620246121,41.944769359054,-22.2771406867534,-21.7539677068012,-2.43697595863138,2.10490294533614,-4.67602323001293,7.08328327919894,-5.58214227953729,-11.4769179129207,-0.0263055783932792,6.16780650259736,3.36022598910238,-15.7519875768736,3.84914019663367,5.34600832156555,8.85286588819536,-5.16029487815232,-14.9347963344676,3.03628836047023,-6.85125336767486,-15.7172004002815,-8.48648440430732,6.59736245652714,-15.8170171140527,-16.5429852827858,1.65992087551651,3.53714359956288,4.57749544126037,10.5984146572441,1.59075111461688,11.6611293564002,-14.4552465846041,3.04555473992058,9.47417840763565,3.06619825786595,-2.84230297523796,-8.62752521537148,4.62534998486995,-16.5260375272406,-0.862283518426349,-9.3758798832919,-0.175226297568632,2.63091850810074,-2.42115355542083e-13
"B4053_RML_3wks_Brain_20070102_40992_RH.CEL",-50.7604033730901,2.92216736454412,-12.4090505755893,22.9170161835136,-57.8079356895038,-11.2729410658355,-21.0946178999239,7.85972156260079,25.5263404857775,1.95110661593959,-19.0373328793947,-0.792230932018614,20.1716924757631,14.5059328281803,3.03518190778324,-7.70457440869517,-5.13471056277185,-20.1671100142164,12.8966517646981,-7.78763090765494,4.83910522256629,9.38925066692637,9.45098530759382,18.9139762950828,-0.869860212129018,-13.8809671553365,2.20352855830051,-4.48989403823209,4.17114589013228,1.09103522992648,-1.72564518805039,-0.739000288562612,9.50194447444448,1.62100676375401,-3.74020382925043,-2.51963525116973,-0.25507291426093,-1.01364556790967,1.53245924204789,-3.87612370131765,3.3726730932691,3.74575808987992,2.63786286102231,-2.36349091270033,-3.14027363308689,-1.7380021033464e-13
"B4053_RML_4wks_Brain_20070102_40999_LH.CEL",-26.4054077600533,27.6218095716404,35.7554514516238,-36.1989495119877,-14.3884132167132,-1.39456656837466,-6.90889416617763,-1.0756450982418,-2.73062500687975,1.47171413610366,8.25786134464511,6.36144158220252,1.56109146054493,6.64732441456496,-2.192347626555,-5.05890309884778,-1.98610556182498,2.77182525630265,3.27138420181788,-3.01584679721366,5.01652679025314,3.16442647123886,11.1103394859097,7.25649634332798,3.51559946949723,11.1652693560153,-4.96021989673087,-1.39558489341974,-4.11556010560031,-9.63310807342795,8.41665065454881,0.738381295290327,-24.6217971897496,-5.78677128990795,1.3881262038078,-3.89870743007071,0.798114173715191,-3.14178580652808,-6.24900867418529,-4.20860337165494,8.36468252200457,5.8358468895071,-23.216089930341,-6.43215495029426,-12.7009192195493,-2.2815516836916e-13
"B4053_RML_4wks_Brain_20070102_40999_RH.CEL",-31.6210969937937,19.0265477210771,14.8818772517452,-11.286245030573,-23.5815408191583,-2.85815840055241,-13.343567425441,9.9318021973866,11.2226375135159,-8.0064141273359,11.201553705976,9.24959081471228,7.10036437519619,-5.77701176945926,-2.5095814939698,-3.61317322884824,-8.64961248109923,8.82018123355799,11.8307636521415,7.0527112079677,0.408738953707469,4.43866841242838,4.48843313170204,-0.695668057766365,1.00378694453689,15.5638400686342,4.52648704823602,-0.706165653107093,0.516611836937363,6.19254259719814,14.4402849572227,9.69595956655282,-12.4282460277132,1.35216610583377,1.33123357169172,-3.20595925150426,7.13175736657583,-10.822974811065,-7.07560232001123,-0.601983473426879,-13.4364425324244,-8.46211519880797,19.9048286722947,-4.41196741458231,13.8379181026361,-2.04840051171162e-13
"B4053_RML_5wks_Brain_20070103_41076_LH.CEL",-15.0472565036625,8.17932668775152,47.0139304999541,-26.2101357328062,-0.801526314861267,6.75857022597378,10.5794552681281,-5.7376529013411,-12.9256012758009,-9.02643193689191,-9.99925321843527,-8.12350097296375,1.81522673660176,-8.67115288981099,9.99269089275758,0.483185899982015,-6.85541738979429,-2.13018965489711,-2.56640716002856,-0.791092179429354,-0.698461421577592,12.1494436021044,5.64663465049484,-0.285726686460168,-7.12686072106261,2.20424227769936,11.9467797377141,-1.14182652676358,4.34099913068869,6.66989831393322,-2.47607475015468,-6.57777415256159,6.30424873169771,-9.63396376658219,-5.97621080111638,-1.33876975439119,-8.13428387168752,5.88796286728192,6.5650314152262,-0.11656906347949,8.29242596466413,-3.45733555340195,-12.1942993691651,-12.5315669073212,25.5886371640893,-2.55524768011384e-13
"B4053_RML_5wks_Brain_20070103_41076_RH.CEL",-51.9447464604087,31.2912670029421,7.60079792528224,-31.2931687584351,-16.3801260286907,-2.54161446038163,-7.34635294908237,10.6016290737934,-35.6564125970764,-5.17316667658525,4.26493913815015,0.910702848594408,3.53641400517885,-8.26214729781554,11.6386870865745,6.10951771138241,-9.67573919939883,2.09804016934483,-10.1936302388753,1.76556615673238,-2.68958691457355,3.23855782333259,-1.6313376023964,2.00929494217316,-17.0314477745055,5.87621408816589,1.51046980246929,-6.49594920786254,1.11009221440135,3.34329880882211,-1.35937417764481,4.54078251177251,10.3168724751382,-2.5940752813257,-1.36299873973599,6.91080440005702,0.959639869978724,7.12303378499188,8.15562238769341,-7.51039324522905,-12.5408786616687,16.2517943681848,9.38826445093944,-4.82328803179377,-15.8059701591117,-2.48936288249624e-13
"B4053_RML_5wks_Brain_20070103_41112_LH.CEL",-35.7136058374729,1.2137438759604,29.1629045792617,-4.96358306400654,-17.4944605636463,4.72632226047148,17.3809490349162,10.1706520011942,-20.9125896394389,-7.52866179017155,-6.58477097728968,5.46303243788112,-0.786305741847689,-12.7732006029485,-3.88640552987333,1.67198833495807,-7.63363454498616,-8.61015078825578,-0.713026473432613,6.08276077409212,-10.69365969563,-5.50301175352141,3.9442474085583,-1.04183642910607,0.068425699553923,1.89313589623918,7.29736688869253,0.0884368544248321,-4.06994204665004,6.27193735878259,4.3575966978667,10.216157870342,17.302242698643,6.85066770171519,6.66781153567395,-4.50573381341529,-0.168147235738447,-12.064121986549,-19.7728015646207,9.46864760055613,17.9761201177537,-5.21305005957331,-2.3265047292159,12.2601738200822,-6.31168625103975,-2.30965420400242e-13
"B4053_RML_5wks_Brain_20070103_41112_RH.CEL",-44.8368914073552,-14.4004079811794,14.2619701649677,12.2234636054065,-27.8408663007228,2.64123601429801,19.6100097074776,0.459144338710547,-7.98717506381496,19.6500877139892,-8.88522656134478,30.5550841714384,7.22403759489428,-15.4297882369771,-6.42156292009602,-2.53259985792635,15.7496834934831,1.49045353633431,11.0457416739043,3.4334254939675,19.3086845083941,-11.2130521987936,4.04583053934345,-11.9519244926565,-3.31087625146418,15.859471052967,-15.9615884834525,-1.52159310581428,8.41786879278339,-2.16129473949504,-12.5334301298829,-8.81476444556015,4.77335738996057,3.7824161614232,-6.04211613253537,-5.32843244244051,0.41351853373577,1.52230390685137,5.55021151032218,-4.29901140686266,1.58946119033491,-0.627063882331372,0.437055793496702,1.92497929286531,1.86372788142512,-2.15237550005298e-13
"B4053_RML_6wks_Brain_20070103_41079_LH.CEL",-44.6512330494431,-16.5458320728273,22.4733877001643,23.3128344820049,-15.9368922203493,14.391440109472,25.5652516530978,-18.9048801311542,18.208347138385,7.6720871782259,8.15727532758345,-3.28919806290481,-4.11559741456806,8.78663894647815,-9.50847636327344,10.5432727918872,-3.81336429414443,21.6899551248776,10.2400222264732,-1.1102976698827,-15.2163005176386,18.3357642816221,5.17739737287536,-5.61271322010043,-2.80268811702009,1.22787041674549,0.949065655945257,11.0249788623675,-1.66083274635772,7.05748144198229,-0.52428987207637,2.71548903540709,6.68752432369275,15.5253618506858,16.0372353958999,-1.23204398698236,5.86730193599239,4.41182419606267,9.537517830024,-7.24462535458893,-0.621925640096392,7.7968355170916,-6.31784836763425,-0.274913791310945,-1.38614561758789,-2.28703340987568e-13
"B4053_RML_6wks_Brain_20070103_41079_RH.CEL",-81.3427433876459,44.501904016537,-106.162840157804,-13.3626038884018,2.67900474425049,27.3868391562136,3.59747203828801,2.20869595795307,6.03392833343868,-4.40243555988714,1.33993202262409,-3.70113166319802,-10.4481212371157,7.51678176176989,-9.19081643354624,6.60550225355177,3.36871943070812,-0.207555039706378,5.50485400682061,7.70700626813429,-11.2975110643742,11.6464463061653,17.8627680597389,-13.3305029766352,7.72767331791804,3.48352620284637,-3.73897598207807,-9.81584591650734,3.19960352133473,0.648566967012207,-2.76158954343886,-9.84533692743444,2.91246572862344,-11.5299563699063,-11.4501525025196,7.6118040747217,1.19438191253634,2.75728180709711,-8.84610558881988,5.84999791212206,0.427232951414924,3.27482644416324,1.05656936147172,2.94762397115585,-0.36900365876421,-1.31443467221715e-13
"B4053_RML_6wks_Brain_20070103_41116_LH.CEL",-53.4045625908269,-34.4947692037341,13.6848433530301,37.6829942423199,-15.2196981830916,11.3897243639681,32.9595696206236,-27.8381434962972,6.31049012800014,11.4510271236776,3.9586797809342,-6.58373840463563,-11.4631852136821,7.84753450582899,4.63451638624225,-2.3815466611152,-4.34667396582283,1.15338167096497,-8.34002394959872,-13.3696893826492,1.27408043199614,-4.49855930568358,0.372824850318956,6.99056672718639,-26.2981001937014,3.14891289388994,-1.66939860772506,-6.17058377053957,-5.82327197368421,-8.4188267247181,4.15853270539749,-4.79317253006078,-8.67048560053443,-6.47992929404386,-3.95774440934884,12.2617845784422,-11.7205652730522,-6.51416493396252,-8.85795511996209,5.21531808737438,0.213343031443801,-3.11389036698001,8.92593755949318,0.776061160427712,-0.204832022787905,-2.14586161340069e-13
"B4053_RML_6wks_Brain_20070103_41116_RH.CEL",-77.1853585635199,49.9043556334464,-86.2464242490549,-43.9017317727204,28.2813629049486,37.3746632444917,26.3767621528131,-8.37971168582004,7.19390425192285,-0.406000674621265,-18.5495330358992,11.5894204963592,3.95403283613091,0.836570149616622,0.0546511288747453,-8.58402340030057,-2.85035879239594,-4.08928382098668,-1.53816182971067,-2.8965031197537,8.9364860572687,-6.35775102363884,-16.1045559103196,11.2064608967161,-7.12629198154689,-4.01887206287395,3.61007716955541,5.8255432000363,-3.07846648337093,0.63787468244725,-0.174584357024408,10.1887630441604,-4.81461442278337,6.97087919107292,9.47304679715658,-6.68137336848025,-0.813542045668105,-1.31391084161392,6.43697504793136,-2.91175074870035,-0.919612143788577,-5.00354588414298,-1.1614326471099,-1.1665303195552,1.30382802999655,-1.83859004410092e-13
"B4053_RML_7wks_Brain_20070104_41086_LH.CEL",-50.5764075520932,-3.90637016228016,6.08118537302008,42.6457793002859,18.5222090480904,-3.8749877166816,17.4985742800183,6.38459019683382,-4.6989562720434,-0.701865435408289,-0.528856261666425,3.80348032970394,12.4187770198417,2.99711547878747,1.31495763796408,-1.32046922445892,-6.25212158636336,-0.679857338550485,0.626229662837312,5.58922998895354,-5.14363809855016,-7.40563988725335,-4.79759207340535,-0.212822883414099,13.1201518577841,1.61454986575683,0.860358803597717,-13.2398858785738,4.06718080084219,-2.37647400328194,4.59534998943656,0.822573577785825,-4.1671947670693,-5.43520639809505,8.82116713396727,-6.09264111545374,0.56710435422887,-0.356990933194644,14.9073282719337,30.0935895741863,0.207840989997671,9.70557339241007,1.08404815663181,-12.2649135262346,-2.16758406764448,-2.28655636091979e-13
"B4053_RML_7wks_Brain_20070104_41086_RH.CEL",-76.2217386056668,17.5420698361428,-9.6767654858716,20.7906710949043,25.389739726506,-10.161559115228,10.0182100757449,1.61693576636774,-8.20806205654618,14.3460864834003,23.6739116904301,-19.4715610124351,5.02005759438081,8.53437016464644,13.5606010220281,-11.4037784812975,-12.2402049054616,-1.00048440709126,-7.65664673464966,6.21101543737371,-3.38524554928648,-13.4508748970802,-0.980281880550065,11.0494524635118,9.75472551444188,2.01437720486322,-16.4749000087417,-2.81538039469438,8.69912175592798,10.9353644616321,-8.30226993502967,-7.48880781060046,5.97005725176982,3.82562169016109,3.60727335080432,-2.91996457794461,6.92078809448898,-1.14418488005492,-11.673944320942,-13.6062674326573,-2.34523194388771,-6.67420956499674,-4.01386697478775,-6.36174005853475,3.45412499307852,-2.37728239871338e-13
"B4053_RML_7wks_Brain_20070104_41088_LH.CEL",-36.0244153053422,9.06582212716203,36.5548878520944,6.0244720425768,29.9899388690928,-2.63782684439085,8.46522698164009,0.453505863435997,-20.5635733257101,5.06615997699801,-16.9544922256675,9.125596528863,3.84702805363526,-0.88221062683835,3.37121110544892,-5.22551563915791,3.59029300754852,-9.51016861408278,1.63502460244014,1.85332644781916,0.824040057806857,11.6234446102937,8.93852812776284,1.98212015248558,13.477309888424,-7.41297895198297,-0.782234825318802,19.7860441930225,-6.50195820039354,-16.0757879867008,-0.422364046134653,-5.30980939846185,-5.13309695814019,5.28886177207058,8.32434540210936,13.749477125226,1.73128243567129,16.7090121896649,-13.2541886920398,0.742071911532292,-3.46277634146556,0.993586874260536,11.4698332831365,-4.34224996146421,1.93967895054214,-2.48431483718115e-13
"B4053_RML_7wks_Brain_20070104_41088_RH.CEL",-54.9304206766481,-18.2698070582889,7.25246805044008,54.8356274902701,18.4973964925431,3.71683835888156,10.4184958158478,-7.95864797619864,-7.4150104722015,7.32091445593884,-10.2337609690058,7.27164873454055,-1.97767968147666,-10.2325803655965,-0.382194206499014,2.30973180157128,-0.113283918255964,-0.570955205795987,-1.68337639437144,1.50467536646278,1.12663719923648,-1.0472702089539,-2.6548250120233,-0.537059896562728,14.6421471890739,-5.92398928575617,18.829937020447,-3.26817045044434,-10.5957620380317,8.01810031685647,-0.353986041828647,14.4323664553749,-7.41051133401951,-11.8622753543643,-18.0003080962462,1.14397208918997,7.43735989551563,-4.77299552294499,1.76588052483682,-16.5306111471083,-6.59713914478592,5.11678784162043,-6.36229669952136,6.15995563227709,-0.751948419494491,-2.37602472419329e-13
"B4053_RML_8wks_Brain_20070104_41069_LH.CEL",-46.0404765454161,33.7096608444567,12.1720008244193,34.845753152388,43.1386352971754,-10.7904538311989,-17.5528880012933,3.94312352841898,5.76702616701723,-18.9259823698381,-12.5841278123593,-4.64655074573512,-3.6906815914511,-0.293892890166096,-7.79685632071293,-0.368660280884279,6.00324410379911,-9.46525098204464,2.31345929236305,6.39617545041361,-5.44220383311331,-9.42178201398704,5.31412856105687,-1.82066705086983,-10.130193804823,8.45003802982104,-5.78038755423523,6.42539682241783,10.7237584284522,5.08353206325486,27.4172392417383,-6.28121798515815,0.726456837746424,-0.824531812582578,2.36811425813484,1.6295868261948,-10.3825947400912,5.4239858478979,11.0361368335384,-10.0328704267534,2.91129614989241,-4.44205379118968,-1.55127072929123,8.02274211950864,-3.49102870107926,-2.3244080271656e-13
"B4053_RML_8wks_Brain_20070104_41069_RH.CEL",-61.0846648312918,43.4927860841735,9.80888301770887,25.7383063788317,46.2417392789875,-8.23823586704476,-45.4404820043508,-0.168564003353627,19.4145598018234,-0.657871422202507,10.8687677961086,5.26373351124398,-1.13862350757177,-9.68380066335124,-7.34509143622857,4.47741153998968,10.291853719819,7.88796315122273,5.35425720883183,-4.26298716287985,9.36904078111316,4.97069224814934,-12.4183747878008,-0.20428087595023,-13.1493873947458,1.7992023598787,3.27144946965217,-4.61322461877226,-4.92232531623782,2.62976626502786,-13.8520524512566,8.06587067369736,4.73300661035708,2.15893917637736,1.74055766189391,-1.65811646043667,-6.0715487358428,5.34210698508119,-16.1400846761131,5.03790358488119,6.90446429618618,9.03627255678539,-1.54160643316784,-7.13775606581419,1.98121997029339,-2.28470020680049e-13
"B4053_RML_8wks_Brain_20070104_41071_LH.CEL",-26.1674748729723,20.7402579730255,44.3621110982337,-3.43576192490907,22.5010986136502,6.67215038833091,-10.755646595272,-7.3466370596204,-2.16911532148576,-3.18291919675601,1.24834649509766,2.49679888805686,-7.53039909159164,6.65551863788553,-0.173965449575993,-0.5995608603366,4.85514444396823,0.30999976171745,0.840398441641322,-0.0342373336779969,-0.665043217995178,8.57548294729661,7.1272872151535,-9.08101212036223,-0.0137575383997245,-9.39184794685145,6.41130429557239,-0.32042086825935,-0.346457647146205,-2.62577321878966,-11.0034363016451,-3.89809904607611,4.80811199398943,3.68567082727186,-6.22994105852999,-5.76970136217047,-3.44666748427303,-13.7735041618642,8.3986705157021,2.70845391563397,-8.43855806916591,-27.4256988780985,1.25072651809648,-12.1147017671725,-16.3717575237903,-2.59541520220008e-13
"B4053_RML_8wks_Brain_20070104_41071_RH.CEL",-48.7200431571093,45.3840701334631,30.6018517921817,-9.23936144437846,25.1504931082202,-3.70074429233977,-21.2152867758177,-1.12479673322616,-15.7050734108973,0.624050874823378,5.4328934282619,5.44411619981545,3.55369246056447,19.8887953354741,4.3960304985065,3.60090969398113,-3.8671334061439,3.54513447005994,-7.67693651472476,-12.64127197177,-0.070853710071122,3.39050319098424,5.32487127615075,-0.0654935232534002,-1.22259413242672,-4.51826476078344,-7.07788757239343,-4.0207736467967,-3.77886468634306,-11.5757257306506,-6.35863270623233,-2.17268779510548,-1.34998691228785,5.56879132505133,-2.30253965361608,-3.56146559801344,8.75903595064645,-12.6362554521332,11.9944889128859,3.42340379000738,2.88317876770863,5.6841451254806,2.76797465548406,24.2313750972888,12.7785977358667,-2.49295376009151e-13
"B4053_clean_1wk_Brain_20050425_17809.CEL",69.9164135137902,8.76800541035541,-41.4888306094958,3.39152370978556,-5.25340733061655,-40.3529254545995,-8.18467241973321,-19.5762370160885,-29.501914022714,13.2606872571678,-15.1438569242805,-20.2056964416398,-3.84556137070074,1.21620502562729,-36.4387527105496,-18.547624023637,-15.2640651766927,12.6612715659021,2.92580431473565,4.71937868963743,9.3102611237677,5.86950096993036,-2.15392783998435,-0.630529210010744,-2.81820603690578,0.600181280232805,3.94671035318095,-0.741719325774648,2.24178797097102,-0.177826628159374,-4.04504596915869,0.401773218314909,-2.17486601883866,-1.66266588235223,2.51180922051772,-0.10088456449535,-0.229962270895114,-0.911900527667238,2.29521399432738,0.95927320048621,3.28038060190373,-2.36257598884296,2.27544267457014,0.777084108353301,-0.340252161111782,-2.16557674570517e-13
"B4053_clean_1wk_Brain_20050426_17824.CEL",35.0315907354856,11.9558653042831,-6.60753295451936,-15.1470760171473,0.795058929348443,-37.9646056358122,1.70952677965027,1.08218646910241,15.2416368083678,11.7386097442983,-28.9332942432641,7.75386274166617,-23.0410949076569,-0.651856507783817,10.0363413822336,18.9038805318252,2.64719170997562,8.02042896424132,-6.0032761277313,-7.73919612532819,-12.0227144482074,1.48194837109301,-8.83006225225483,16.609270670848,13.3549212945202,19.3428708053436,4.67776920064119,-11.312300057564,3.59390832053363,-4.54089330303596,-1.58409393365114,-6.18087298507271,3.55356087959264,7.04263080025729,0.279577310213628,0.777791450265679,-1.64732463115803,-0.255940595669091,-2.17052726897108,-0.567668670083491,-3.99429836686343,-3.77500303522067,-0.402416337300084,0.501566830417737,-0.422470112713739,-2.28801352863961e-13
"B4053_clean_1wk_Brain_20050426_17826.CEL",44.4215793167972,14.7558799995022,-11.3078679232355,-22.0862129702522,7.91245192089801,-42.1231569066214,6.9294285583726,-19.6715727813497,15.4560268363472,6.48306957374797,-2.01812752234967,3.44684513523816,-20.2256141032351,-11.7248362033921,22.5128100692629,-3.16954626635268,-1.31747649592617,-3.39850399616933,15.2544494335156,11.4568592780549,-4.021172044207,-7.84992918417105,11.5375679547877,-7.56446649126022,-6.59159816061441,-16.2831297407127,-15.8472072221675,0.838889286249899,-11.8639900701302,1.48511489405832,0.265838944420673,11.8550118738726,1.21001025843059,-8.61425802472473,3.24294772608183,0.559593468227238,4.76060380157553,-3.12732684539897,5.92447179367583,0.822578398828879,4.74727854618152,3.47342891387069,2.31885834313894,-2.99140607650974,1.58001831342209,-2.33160712959091e-13
"B4053_clean_2wks_Brain_20050426_17811.CEL",65.2332404553087,1.66669268570807,-1.99813143252782,-3.75033399373711,5.06171104916599,-5.30097139870449,14.9169089335433,-13.5765169294451,2.03697990390888,-1.0624259882878,5.39075457622509,-5.86460106411017,-2.57365552665482,-2.20517456427345,2.56267968493394,0.580483417164304,9.0786394533269,-3.86674216267375,-9.09767202412683,11.2406640017702,18.2737500478667,7.32098350020347,7.01580246245996,2.6175810587615,-3.17029046886431,-7.74678886179851,5.02447733304922,-5.96504942153226,-10.0530818863064,4.4559685249631,13.6664215051968,-15.0830476168706,3.94754843664309,11.3750485474403,-3.65837925604693,-23.469969762782,-1.77164654101271,3.95589338348549,-9.02698478254684,5.95133109993909,-16.3408847238499,8.70256586286816,-3.21144018296692,5.41369136270986,-0.0176961251496315,-2.01262617682829e-13
"B4053_clean_2wks_Brain_20050426_17829.CEL",81.8645172575135,5.1119559527504,-31.0646865436709,-0.408414523044403,8.82679448178915,-22.7114067043336,16.0818606460337,-17.489883295516,12.1503730114412,-22.0550804368502,13.9811517108199,3.41849459558406,23.2596386001444,-22.7536436280564,-10.2012675059202,-8.41713542752333,13.7461282553239,-10.4751821528225,-20.362997269733,-20.8851546068745,-11.4635547751783,3.28150961126221,15.5115699670847,1.82892796048125,3.2216111474235,6.73701886379184,-0.864924167894528,0.285785853959913,-0.754475814803348,3.22044879052785,-8.45337299317496,3.41879689204479,-1.51201844280155,1.93506227054379,4.09207479870929,4.85925276445564,-0.242121571289067,-4.23294141207416,3.50259159989847,-1.31289128490139,-1.98704186582453,0.291796848510616,0.408131930781642,-0.564122745856717,-0.605723341447916,-2.09164283115904e-13
"B4053_clean_2wks_Brain_20050426_17882.CEL",83.1091296133427,2.39183190112095,-25.3222686431074,6.57250503057026,-0.59705521434464,-19.3705026694862,14.774201915728,-27.4272063215513,-18.5181556154343,-31.5089273824736,16.0678623695893,10.1047184205685,11.9707487857699,23.5542087028204,5.44087908466568,25.239897861998,0.794919747104004,-7.65822075231119,20.7887315222604,3.66429750527262,9.90840724581833,-0.672717204263563,-14.2298430717098,4.34673045203543,0.754045419030043,6.23479825984297,2.51154225938455,7.81433813223068,-1.10509553932586,3.75546919294257,-2.34798302799734,-2.75297587076708,1.39651640984107,-2.54397112519666,-4.32670800829549,6.5563071514669,1.8456181142264,-0.567492123010392,-1.97413098538463,0.242008361501878,3.16551763772572,-3.52916789151072,-1.01561003449034,-0.151034161259538,-1.22030193618902,-2.45668069220883e-13
"B4053_clean_3wks_Brain_20050607_051005.1.CEL",77.1048831139253,7.68516255329671,-1.69048200816009,5.6000974533966,-6.18536470310553,21.4992882835778,-18.3945665432031,6.22565605296012,-15.038340411655,10.6975732908989,-17.153292207011,-18.3172906246134,5.38405923079602,-1.35919871630565,5.95389439175902,4.80159860719485,-0.1672202957491,-8.12426133931848,13.9580408363687,-23.0217180688984,-15.2907886130204,-10.2021984718117,-3.62483113739149,-11.0351399626205,-3.08986518902971,5.33950031503446,-6.34910046078007,3.16920736750037,-16.6595051930499,17.9639543870147,-3.98794385514413,-8.44411542458035,-13.176731059668,3.37826800425107,-1.23397109553572,-9.5627405317126,2.66401261969936,5.16038693436671,-1.91366480686812,3.45005549644239,-1.62264270226385,-0.516977192417537,2.61301999740797,-1.47625698501852,-1.67082736637055,-2.3412695393521e-13
"B4053_clean_3wks_Brain_20050607_051005.2.CEL",91.4190739000305,-6.00461369199599,-9.02930077023234,6.64762660137592,7.64278789564859,18.9280294705316,-4.35432261969943,3.0795935080107,-2.61508600719426,-1.1367818615826,-2.87037464878728,-12.0981222229762,5.52383136960219,-9.23290502310348,11.9811341064085,0.676852993223839,4.24525556024572,-0.0609863835944204,15.8006314155539,-0.715905020870848,3.15547911346276,-5.16473661486177,-0.349587370640729,-11.0641968465974,-0.261224209738196,-4.96697087939635,14.8842614010519,-14.4245302822177,12.2522996099853,-16.5883251930844,-2.08617976829707,-8.27636695109715,0.221268974686621,-4.70126092267731,23.4528128468746,3.90910396106313,-1.62409054746432,-13.4248733731547,-4.76847657568715,-12.5300832522661,-4.77136197231235,5.26926674841969,-2.12333121193425,2.41351683155415,0.795348400247738,-2.02830807705112e-13
"B4053_clean_3wks_Brain_20050607_051005.3.CEL",81.8504762213755,-1.32643956523041,0.377666376545917,-2.30639539123766,12.507764840249,21.0420129366094,0.483117486277653,-1.33542037831025,-5.05335813866027,10.3164416876152,-7.31363306751529,-26.8606983737394,10.2105420866867,-4.86181397005365,10.2731360967855,6.73640276735112,14.1082021339485,10.9588461272338,2.83527424326804,1.99598517788827,9.25446423462836,1.47430146839089,6.92848483074807,5.82639300049229,0.29389473291929,-1.34528848108606,-7.44287654240642,-2.31117881003133,15.1924918016277,-1.25560666380409,8.2023034701546,19.7157497539344,-1.08425689760632,18.1611784666436,-15.9993820127765,12.6358252159089,4.73856797998934,-1.64832411294214,0.251479730457823,7.84762231284471,3.6229333526719,-0.642025739926218,-2.17187223371969,-2.11042657393096,-0.764370347006216,-2.19622930952568e-13
"B4053_clean_4wks_Brain_20050523_050505.1.CEL",96.6310101856003,-11.1679138102913,-6.03002896068614,13.5870416978851,-3.01910605282882,22.6508915975678,-19.2130215742544,-20.6452753649205,6.60156115244103,-4.17974097953833,-2.37121355243872,8.87200410355167,-0.161430754777534,-4.62770794886543,0.498287005984315,-7.17532863639144,-19.2683252035342,-4.45247130660851,-3.40694311714767,8.48997849206784,-19.3650530332633,-1.68835049459555,-8.91292296706283,-1.24535796234347,-0.345372123306385,5.14184261046557,-8.71114147190723,17.7195369597942,9.02100972595771,-19.3223398351607,-2.82242311184726,3.2668192527553,6.1679455001323,0.0688542617801236,-14.195232447048,-11.680582221507,-6.33312869721316,-5.68056181135252,-4.22611471666187,0.381733476629268,-6.92104766468414,8.87654247312948,-3.34520536443215,-3.00377910397281,1.32147914193414,-2.32730501537048e-13
"B4053_clean_4wks_Brain_20050523_050505.2.CEL",84.4177551923741,-2.90413285447017,-5.45160485042554,2.99323519391347,-15.6566003039534,17.5382989754284,-28.0625523383547,-21.0431662980676,0.285647477059626,7.52200270868052,5.36857536550885,30.8517849293032,7.24922821140715,2.06080407563949,3.67490973951284,-6.78633876401283,-11.1114739013006,3.59795218333759,-12.5121553437429,9.64982561319964,-4.31639922556024,-0.914630071943972,-5.49931254125503,-7.40913141879954,5.29501446818145,-10.0497307545176,-1.11548785292765,-20.2039179639866,-6.19429795566813,8.01148831916022,8.05914320910789,-5.22305742163702,-3.18807243791579,12.5148790982741,2.18676884383212,14.456511015451,-4.96697693822502,10.3162244161598,1.73590429696528,-3.26189761857089,7.30937811114904,-7.11081163849794,-1.91858389216756,0.310974694865135,1.12315532696324,-2.07760891823838e-13
"B4053_clean_4wks_Brain_20050524_050505.3.CEL",78.3320748649278,-12.9854228585323,5.4247615834443,20.4088345642797,-10.008929523912,26.4027276458001,-14.2885034236585,-7.96717081693112,-0.133876221169569,-5.60963165311923,-9.58076107249038,3.15497038885916,-7.83760264947688,1.27312536080541,5.46997862901241,6.35651889027738,10.4997545143509,5.70464752169983,-20.6973531827666,6.45670550066492,6.5940744635668,11.2393405979693,0.021414978993131,9.35523189720354,-3.20755304867316,0.246421860828205,-6.94588614528546,4.55285896179663,9.18060626771002,6.53349749001671,-2.38773741410715,-0.0584721477162616,-3.24478434588508,-21.0226221385695,11.0952717557672,-10.8959528992063,19.2422886723197,3.00550938263757,-0.917035950176963,-0.408264882446342,11.0780266778096,-4.54958801741929,8.93090045142074,0.453009241420872,-3.47626136763004,-2.23305748892066e-13
"B4053_clean_5wks_Brain_20050607_051205.1.CEL",67.1709007417057,0.905145857386135,8.92926038018322,-7.5243746008129,8.793102446361,22.932038688852,-10.4555573140909,2.57265805799799,6.46680915053762,13.6832130404688,25.1129762976696,5.12954397951428,-21.4532699777365,-8.21685677838761,-9.44146455115249,-6.52342973673748,-10.1192297054776,-8.14689560132341,11.5096866170636,-15.5901281613049,9.85550014808266,-14.0693146566053,8.56738611039749,14.2169909035625,3.59093895700021,5.30677058424504,12.2136828283827,5.07895099045234,-0.291816574367428,-1.73244935113832,4.90458121495598,-2.88143165207227,14.4857638103329,-4.8230628846875,-0.621711878745656,7.10420588849792,12.9644674085616,10.1695866577092,7.19866253479632,7.57594435960244,-3.01605863802358,-2.79724431674503,-2.35652541139357,2.46366040976024,-0.599992091284509,-2.29850860566927e-13
"B4053_clean_5wks_Brain_20050608_051205.3.CEL",69.6339180018496,4.9796397902567,18.6880604491117,-9.66140056841968,-7.42496837601183,18.18105552537,-3.3019633075776,9.80283290661687,-1.22516479943223,15.4792833035516,6.49495058444429,-6.26687464465771,0.746566715639294,16.4531376910726,-7.46378102293257,6.92544252587791,9.81776934882424,-1.09622668174491,-3.12714333479773,11.2606307807568,3.06222589239454,-6.04470881735956,9.45352623409118,9.21906003409536,12.7689998304172,5.45225257849524,-4.22838017818581,2.28845761164731,-10.698472771721,5.07780694488941,-8.07297865986422,14.2653985482738,4.20071770682304,-10.0260544380038,8.30577997067839,-0.85864810001384,-29.9902337096122,-0.489587540469886,4.90079748372875,-3.02355874581745,-3.95523181142261,1.67477079469145,5.07388681830565,3.73338787666366,2.86337559552336,-2.05797184849033e-13
"B4053_clean_6wks_Brain_20050627_051905.10.CEL",47.4371100825435,-13.1376406155527,-15.2939545428604,9.96133819589947,-4.22411139200563,-8.78503924425011,17.9798543333011,31.599655152027,-18.8148029054971,-12.3775364402977,12.5794545723206,19.155989377399,-21.3766447757791,6.22257251574179,-1.95114704701053,-3.71558748715484,2.24631594493159,6.73351501866256,5.69632289192036,-18.4021772310529,-6.72734376390356,1.79492788484292,1.7807443628154,1.08496062565177,-1.3589710849781,-19.3420177373975,-1.45701979079397,-3.78202951861492,20.1179555638126,2.72099464731186,-0.139116286892451,8.83697391537947,-9.70554247185773,3.34110583106528,-3.0188879902768,-11.3594307096008,-10.2688844758837,9.31214694492754,-4.46188756413679,-3.29028444422127,0.19073269264932,0.104941116704803,2.18119977552806,-0.248842480800085,2.17471589039777,-2.24734293674533e-13
"B4053_clean_6wks_Brain_20050628_051905.11.CEL",65.5135933607304,-14.9043467869113,-18.9256191724171,24.8433432778927,-2.64540298729222,4.69194823202413,9.32343309350391,45.5915407698324,0.608866216335228,-24.7744386487158,-2.66123960435543,-1.27455052478946,-7.74391924642194,4.21005907629582,10.3153667170562,-27.6622381440945,5.60379997932766,12.753491277319,1.64314839587047,0.986788375998221,5.08693203776328,12.9687953014846,-10.0697548868494,1.09780580890656,-0.200269022919402,8.92039265479388,-8.70102638735047,1.02857259446358,-20.7669604889242,-3.18996735924925,1.25235572168752,-3.74062124774924,9.32957582570084,0.788729555754342,-2.42911137664484,8.10076691465649,1.4891063190682,-6.32958379829781,4.23916904178232,-0.916635037640445,0.971944023018226,-0.59353897991628,-5.31597814239603,-1.01216329177037,0.369490671372248,-2.28760586862276e-13
"B4053_clean_6wks_Brain_20050628_051905.12.CEL",55.138828941934,6.58748853489717,-6.61186429759719,-6.21013258605247,5.43982373763116,-18.9627017777428,9.07129489593784,21.0848070687069,22.0401700243362,9.54930480212414,-7.06357923620137,3.30835559570487,8.54132089801655,29.2904386411366,7.73988432179675,-2.04809763945269,-7.18778662892532,4.18384436337229,-18.4688122047931,-2.57400525300175,8.40474889537898,-15.3695894023397,8.23904918935951,-25.3959922079724,-5.88173420511036,6.36967802175708,17.7572353894313,10.852028329627,3.63997313458686,0.355163800703161,-0.759109468056214,4.8889635552023,2.68893220627271,-0.364965015474026,-2.74892418310138,0.0413603242143318,4.81358472311202,4.59198457735427,-4.75949331228448,-0.376751371123975,3.63635196837093,2.66529207747797,0.360679886382535,-3.58066111412184,-1.60719307813353,-2.5027462741134e-13
"B4053_clean_7wks_Brain_20050629_060705.1.CEL",-66.7678994952026,-114.810682804236,-11.3759722574213,-24.1276468962229,12.6942121800109,-4.78141100184031,-12.8093691260809,-8.05543937361857,-0.397789789175873,8.27143995880642,7.07954637445144,-7.01408216951589,-12.2772197053887,4.35172807706751,4.43156371902413,-3.76282683035152,-1.90906699822387,-26.5969286076216,-3.2891895911707,-9.61818905830827,11.0117681993031,19.7003295430763,-11.6947427686425,-16.5928647242026,8.70296415095315,10.328204667375,-6.1378588701184,-2.56830673315453,5.41800154307595,3.31329406308032,5.96901738442772,9.2989068642852,1.51630093997583,2.11821943749415,4.23055868888266,-1.00376972142841,-2.52455392008488,-1.89796936345956,1.85994572665875,-0.668463149135338,1.2116121303973,1.71058313823077,1.16708080296372,0.987372038605148,-0.72696498312417,-2.30829244607378e-13
"B4053_clean_7wks_Brain_20050629_060705.2.CEL",-52.8869368263773,-105.191154087852,-10.8080971200536,-36.4872812887778,11.0224372606347,-8.66580851314331,-16.8448212551314,-5.63837339906847,-9.06356413376627,8.80524930000924,2.78622248881046,5.90099205064494,11.0106135011318,12.3049052871336,-1.18147074327694,-14.900400521854,28.6755837956936,10.2006036841403,6.11046627089053,8.76388394209415,-22.4003478971998,-9.88960098583642,-1.96675637519153,10.0977059765893,-8.61630377719352,-2.55007110666293,11.0939266186894,2.45457061965276,-0.0468180137780536,0.945399388754784,1.95067148362244,-4.47223060162693,2.52330419953147,-4.08085317145347,-2.74445932906944,-0.565231324330815,4.95064857154694,0.489952891611649,-1.20574716902167,2.57723149767956,-1.39183353952211,0.85762492475975,-1.09873569259775,0.882917808177288,1.53121744641972,-2.28460479700932e-13
"B4053_clean_7wks_Brain_20050705_060705.3.CEL",-40.6523624303437,-118.807068431615,-18.9855106258313,-12.340879156738,22.0546930484924,2.62714204976703,-11.4024731564749,16.7972973300492,8.14290434626745,-24.3909111965237,-9.76850065535066,-2.23030452988291,5.90182264852023,-10.4625590205938,-8.44560911086088,22.5106886032725,-22.8051921929039,13.6800593657813,-2.89962180907897,0.561233251794709,10.3021747109549,-11.6541806904313,13.9659260115052,5.5170587738737,-0.413729738289967,-7.04202730916769,-8.00853040834845,-0.30298866230372,-7.36806830768299,-3.05287497688273,-5.7415167939127,-4.92323302491933,-2.89827338908391,2.61718927506278,0.368771286126159,-0.197746454289507,-1.45800490553402,0.707318799930759,0.0674828562033798,-1.78516797354187,-0.48701711702393,-2.27403174065767,-0.503608092982136,-1.42753984115328,-0.425385821335276,-2.1913026948539e-13
"B4053_clean_8wks_Brain_20050623_052705.1.CEL",45.7513527859169,5.55619709344941,9.30977082007473,-7.77047103228202,8.50662743342508,-6.53216549423442,22.0564767101997,28.9046085348135,9.27252371101971,20.5331191294566,13.2284012286366,-8.29198949548149,15.8972422135585,-3.87344440933126,-17.3936727779581,16.0912023695235,0.31513607645334,-11.8201647248758,-0.205977687024224,5.95893233932951,-10.9612451977434,7.78602154594577,-13.0606844987031,-1.48152587013232,-8.95850035466105,-3.87006332009208,-4.45904131735942,-11.132623302853,-9.14571799662665,-19.0125061507466,5.8767185831394,3.2747712594798,1.59772214610104,-5.16448742437623,-5.06210755236457,-6.73522343527472,7.73925150126459,9.85870018498651,2.4947783179658,-7.97963706071683,5.41822018811563,-10.1527845414476,2.25888608486718,-1.02006165777506,1.31958546459788,-2.08426158276875e-13
"B4053_clean_8wks_Brain_20050623_052705.3.CEL",46.2069949863657,2.58205477381224,13.7854798931595,-12.5887436403526,10.4537324194357,-4.05783726364591,7.12335771820871,30.0713069495265,11.9856503142178,19.2929195486302,4.94289607721462,6.74922042175677,-3.11160991220303,-8.56223344396234,-7.63045599356269,6.29938376762144,-4.07452629041305,-11.42661160394,-3.18478803694637,13.0132795028331,-0.780227978240323,8.42040555487776,-8.75014143412906,5.20235950346465,-6.49244671306317,-8.82894983313258,1.90272393221074,13.583189943656,9.2907625807925,16.9096420742401,-6.43890812218367,-15.4094298617273,-13.4078821231243,1.89315226255565,-1.97717708908043,13.8716506060312,-1.35945308541458,-16.9729736689794,2.57411602690705,5.45067624728004,-0.284703395999714,8.02531945830059,-1.7993526998983,2.77048924534714,-1.30215821442056,-2.35532079950751e-13
